INSPIRE_ID;NAZWA;DOKLADNOSC_POLOZENIA;RODZAJ_POMNIKA_HISTORII;DATA_WPISU;WOJEWODZTWO;POWIAT;GMINA;MIEJSCOWOSC;ULICA;NR_ADRESOWY;E;N
PL.1.9.ZIPOZ.NID_N_02_PH.15186;Jawor - Koœció³ ewangelicko-augsburski pw. Ducha Œwiêtego, zwany Koœcio³em Pokoju;dok³adny;zespó³ sakralny i sepulkralny;15.03.2017;dolnoœl¹skie;jaworski;Jawor;Jawor;;;16.18861795;51.05420817
PL.1.9.ZIPOZ.NID_N_02_PH.8578;Pa³ace i parki krajobrazowe Kotliny Jeleniogórskiej;dok³adny;krajobraz kulturowy;20.09.2011;dolnoœl¹skie;Jelenia Góra;Jelenia Góra;Jelenia Góra;Nowowiejska ;62;15.75913824;50.89205181
PL.1.9.ZIPOZ.NID_N_02_PH.8577;Pa³ace i parki krajobrazowe Kotliny Jeleniogórskiej;dok³adny;krajobraz kulturowy;20.09.2011;dolnoœl¹skie;Jelenia Góra;Jelenia Góra;Jelenia Góra;park Zdrojowy ;1;15.68159393;50.86225388
PL.1.9.ZIPOZ.NID_N_02_PH.8581;Pa³ace i parki krajobrazowe Kotliny Jeleniogórskiej;dok³adny;krajobraz kulturowy;20.09.2011;dolnoœl¹skie;jeleniogórski;Kowary;Ciszyca;;;15.81011541;50.80568504
PL.1.9.ZIPOZ.NID_N_02_PH.8586;Pa³ace i parki krajobrazowe Kotliny Jeleniogórskiej;dok³adny;krajobraz kulturowy;20.09.2011;dolnoœl¹skie;jeleniogórski;Mys³akowice;Bobrów;;;15.83055067;50.87000838
PL.1.9.ZIPOZ.NID_N_02_PH.8584;Pa³ace i parki krajobrazowe Kotliny Jeleniogórskiej;dok³adny;krajobraz kulturowy;20.09.2011;dolnoœl¹skie;jeleniogórski;Mys³akowice;Bukowiec;;;15.81223109;50.83004352
PL.1.9.ZIPOZ.NID_N_02_PH.8579;Pa³ace i parki krajobrazowe Kotliny Jeleniogórskiej;dok³adny;krajobraz kulturowy;20.09.2011;dolnoœl¹skie;jeleniogórski;Mys³akowice;Karpniki;£¹kowa ;1;15.84887911;50.84437727
PL.1.9.ZIPOZ.NID_N_02_PH.8580;Pa³ace i parki krajobrazowe Kotliny Jeleniogórskiej;dok³adny;krajobraz kulturowy;20.09.2011;dolnoœl¹skie;jeleniogórski;Mys³akowice;Karpniki;Stawowa ;12;15.85270478;50.85418664
PL.1.9.ZIPOZ.NID_N_02_PH.8582;Pa³ace i parki krajobrazowe Kotliny Jeleniogórskiej;dok³adny;krajobraz kulturowy;20.09.2011;dolnoœl¹skie;jeleniogórski;Mys³akowice;£omnica;;;15.81191481;50.87361071
PL.1.9.ZIPOZ.NID_N_02_PH.8583;Pa³ace i parki krajobrazowe Kotliny Jeleniogórskiej;dok³adny;krajobraz kulturowy;20.09.2011;dolnoœl¹skie;jeleniogórski;Mys³akowice;Mys³akowice;;;15.7815375;50.84299014
PL.1.9.ZIPOZ.NID_N_02_PH.8585;Pa³ace i parki krajobrazowe Kotliny Jeleniogórskiej;dok³adny;krajobraz kulturowy;20.09.2011;dolnoœl¹skie;jeleniogórski;Mys³akowice;Wojanów;;;15.81472619;50.87398947
PL.1.9.ZIPOZ.NID_N_02_PH.8587;Pa³ace i parki krajobrazowe Kotliny Jeleniogórskiej;dok³adny;krajobraz kulturowy;20.09.2011;dolnoœl¹skie;jeleniogórski;Podgórzyn;Staniszów;;;15.73381443;50.84045701
PL.1.9.ZIPOZ.NID_N_02_PH.8433;Krzeszów - opactwo cystersów;dok³adny;zespó³ sakralny i sepulkralny;14.04.2004;dolnoœl¹skie;kamiennogórski;Kamienna Góra;Krzeszów;;;16.05755949;50.73342766
PL.1.9.ZIPOZ.NID_N_02_PH.8429;Duszniki Zdrój - m³yn papierniczy;dok³adny;zabytek techniki;20.09.2011;dolnoœl¹skie;k³odzki;Duszniki-Zdrój;Duszniki-Zdrój;;;16.39527764;50.40435363
PL.1.9.ZIPOZ.NID_N_02_PH.8425;Legnickie Pole - pobenedyktyñski zespó³ klasztorny;dok³adny;zespó³ sakralny i sepulkralny;14.04.2004;dolnoœl¹skie;legnicki;Legnickie Pole;Legnickie Pole;Œwiêtej Jadwigi ;4;16.2439203;51.14541407
PL.1.9.ZIPOZ.NID_N_02_PH.9485;Strzegom - koœció³ pod wezwaniem œw. œw. Aposto³ów Piotra i Paw³a;dok³adny;zespó³ sakralny i sepulkralny;22.10.2012;dolnoœl¹skie;œwidnicki;Strzegom - miasto;Strzegom;Plac Jana Paw³a II ;10;16.34964509;50.95917252
PL.1.9.ZIPOZ.NID_N_02_PH.15192;Œwidnica - Katedra pw. œw. Stanis³awa Biskupa i Mêczennika i œw. Wac³awa Mêczennika;dok³adny;zespó³ sakralny i sepulkralny;15.03.2017;dolnoœl¹skie;œwidnicki;Œwidnica (gm. miejska);Œwidnica;;;16.49146846;50.84078167
PL.1.9.ZIPOZ.NID_N_02_PH.15194;Œwidnica - zespó³ Koœcio³a ewangelicko-augsburskiego pw. Œwiêtej Trójcy, zwanego Koœcio³em Pokoju.;dok³adny;zespó³ sakralny i sepulkralny;15.03.2017;dolnoœl¹skie;œwidnicki;Œwidnica (gm. miejska);Œwidnica;;;16.49138195;50.84642887
PL.1.9.ZIPOZ.NID_N_02_PH.14101;Trzebnica - zespó³ dawnego opactwa cysterek;dok³adny;zespó³ sakralny i sepulkralny;21.07.2014;dolnoœl¹skie;trzebnicki;Trzebnica - miasto;Trzebnica;;;17.06764136;51.30880779
PL.1.9.ZIPOZ.NID_N_02_PH.8446;Wroc³aw - Hala Stulecia;dok³adny;dzie³o architektury i budownictwa;13.04.2005;dolnoœl¹skie;Wroc³aw;Wroc³aw;Wroc³aw;Wystawowa ;1;17.07821294;51.10858974
PL.1.9.ZIPOZ.NID_N_02_PH.8436;Wroc³aw - zespó³ historycznego centrum;dok³adny;uk³ad urbanistyczny;08.09.1994;dolnoœl¹skie;Wroc³aw;Wroc³aw;Wroc³aw;;;17.03647929;51.11076515
PL.1.9.ZIPOZ.NID_N_02_PH.8432;Twierdza Srebrnogórska - nowo¿ytna warownia górska z XVIII wieku;dok³adny;budownictwo obronne;14.04.2004;dolnoœl¹skie;z¹bkowicki;Stoszowice;Srebrna Góra;;;16.64089851;50.57612785
PL.1.9.ZIPOZ.NID_N_04_PH.15414;Ciechocinek - zespó³ tê¿ni i warzelni soli wraz z parkiem tê¿niowym i zdrojowym;dok³adny;zabytek techniki;22.11.2017;kujawsko-pomorskie;aleksandrowski;Ciechocinek;Ciechocinek;;;18.79045792;52.88594404
PL.1.9.ZIPOZ.NID_N_04_PH.8405;Che³mno - Stare Miasto;dok³adny;uk³ad urbanistyczny;13.04.2005;kujawsko-pomorskie;che³miñski;Che³mno (gm. miejska);Che³mno;;;18.4231076;53.34916947
PL.1.9.ZIPOZ.NID_N_04_PH.15407;Grudzi¹dz - zespó³ zabytkowych spichlerzy wraz z panoram¹ od strony Wis³y;dok³adny;dzie³o architektury i budownictwa;22.11.2017;kujawsko-pomorskie;Grudzi¹dz;Grudzi¹dz;Grudzi¹dz;;;18.74567339;53.49286137
PL.1.9.ZIPOZ.NID_N_04_PH.15454;Strzelno - zespó³ dawnego klasztoru norbertanek;dok³adny;zespó³ sakralny i sepulkralny;20.04.2018;kujawsko-pomorskie;mogileñski;Strzelno - miasto;Strzelno;pl. œw. Wojciecha ;1;18.18006161;52.6298918
PL.1.9.ZIPOZ.NID_N_04_PH.8408;Toruñ - Stare i Nowe Miasto;dok³adny;uk³ad urbanistyczny;08.09.1994;kujawsko-pomorskie;Toruñ;Toruñ;Toruñ;;;18.60670432;53.01035946
PL.1.9.ZIPOZ.NID_N_04_PH.15491;W³oc³awek - katedra pw. Wniebowziêcia Najœwiêtszej Marii Panny;dok³adny;dzie³o architektury i budownictwa;10.12.2018;kujawsko-pomorskie;W³oc³awek;W³oc³awek - miasto;W³oc³awek;Plac Miko³aja Kopernika ;7;19.06791586;52.66106594
PL.1.9.ZIPOZ.NID_N_04_PH.8404;Rezerwat archeologiczny Biskupin;dok³adny;zabytek archeologiczny;08.09.1994;kujawsko-pomorskie;¿niñski;G¹sawa;Biskupin;;3;17.74621933;52.78613314
PL.1.9.ZIPOZ.NID_N_06_PH.15408;Janów Podlaski - stadnina koni;dok³adny;dzie³o architektury i budownictwa;22.11.2017;lubelskie;bialski;Janów Podlaski;Wygoda;;;23.23357569;52.20955115
PL.1.9.ZIPOZ.NID_N_06_PH.8437;Koz³ówka - zespó³ pa³acowo-parkowy;dok³adny;zespó³ rezydencjonalny;25.04.2007;lubelskie;lubartowski;Kamionka;Koz³ówka;;;22.48966979;51.45981404
PL.1.9.ZIPOZ.NID_N_06_PH.8410;Lublin - historyczny zespó³ architektoniczno-urbanistyczny;dok³adny;uk³ad urbanistyczny;25.04.2007;lubelskie;Lublin;Lublin;Lublin;;;22.56708254;51.24762287
PL.1.9.ZIPOZ.NID_N_06_PH.8409;Kazimierz Dolny;dok³adny;uk³ad urbanistyczny;08.09.1994;lubelskie;pu³awski;Kazimierz Dolny - miasto;Kazimierz Dolny;;;21.9400499;51.32017739
PL.1.9.ZIPOZ.NID_N_06_PH.8573;Zamoœæ - historyczny zespó³ miasta w zasiêgu obwarowañ XIX wieku;dok³adny;uk³ad urbanistyczny;08.09.1994;lubelskie;Zamoœæ;Zamoœæ;Zamoœæ;;;23.2519209;50.71625919
PL.1.9.ZIPOZ.NID_N_08_PH.15418;Goœcikowo-Parady¿ - pocysterski zespó³ klasztorny;dok³adny;zespó³ sakralny i sepulkralny;22.11.2017;lubuskie;œwiebodziñski;Œwiebodzin - obszar wiejski;Goœcikowo;;;15.54280767;52.33772087
PL.1.9.ZIPOZ.NID_N_08_PH.15188;Klêpsk - Koœció³ pw. Nawiedzenia Najœwiêtszej Maryi Panny;dok³adny;zespó³ sakralny i sepulkralny;15.03.2017;lubuskie;zielonogórski;Sulechów - obszar wiejski;Klêpsk;;;15.71820407;52.11597422
PL.1.9.ZIPOZ.NID_N_08_PH.8438;¯agañ - poaugustiañski zespó³ klasztorny;dok³adny;zespó³ sakralny i sepulkralny;28.02.2011;lubuskie;¿agañski;¯agañ (gm. miejska);¯agañ;Pl. Klasztorny ;2;15.31882337;51.6162799
PL.1.9.ZIPOZ.NID_N_08_PH.8427;Park Mu¿akowski w £êknicy - park w stylu krajobrazowym;dok³adny;krajobraz kulturowy;14.04.2004;lubuskie;¿arski;£êknica;£êknica;;;14.7369895;51.55451667
PL.1.9.ZIPOZ.NID_N_10_PH.9472;£owicz - Bazylika Katedralna (dawna Kolegiata Prymasowska) pod wezwaniem Wniebowziêcia Najœwiêtszej Marii Panny;dok³adny;zespó³ sakralny i sepulkralny;22.10.2012;³ódzkie;³owicki;£owicz (gm. miejska);£owicz;;;19.94381374;52.10789835
PL.1.9.ZIPOZ.NID_N_10_PH.15397;Nieborów i Arkadia - zespó³ pa³acowo-ogrodowy i ogród sentymentalno-romantyczny;dok³adny;zabytkowy park i ogród;22.11.2017;³ódzkie;³owicki;Nieborów;Nieborów;;;20.04368436;52.07472026
PL.1.9.ZIPOZ.NID_N_10_PH.14937;£ódŸ - wielokulturowy krajobraz miasta przemys³owego;dok³adny;uk³ad urbanistyczny;16.02.2015;³ódzkie;£ódŸ;£ódŸ;£ódŸ;;;19.45910738;51.76966885
PL.1.9.ZIPOZ.NID_N_10_PH.9479;Sulejów - zespó³ opactwa cystersów;dok³adny;zespó³ sakralny i sepulkralny;13.11.2012;³ódzkie;piotrkowski;Sulejów - miasto;Sulejów;;;19.87885852;51.36427719
PL.1.9.ZIPOZ.NID_N_12_PH.8571;Bochnia - kopalnia soli;dok³adny;zabytek techniki;26.09.2000;ma³opolskie;bocheñski;Bochnia (gm. miejska);Bochnia;;;20.42153157;49.96989642
PL.1.9.ZIPOZ.NID_N_12_PH.15687;Nowy Wiœnicz – zespó³ architektoniczno-krajobrazowy;dok³adny;dzie³o architektury i budownictwa;20.04.2020;ma³opolskie;bocheñski;Nowy Wiœnicz - miasto;Stani¹tki;;;20.46581184;49.91493813
PL.1.9.ZIPOZ.NID_N_12_PH.15405;Szalowa - koœció³ parafialny pod wezwaniem œw. Micha³a Archanio³a;dok³adny;zespó³ sakralny i sepulkralny;22.11.2017;ma³opolskie;gorlicki;£u¿na;Szalowa;;;21.02211289;49.68222669
PL.1.9.ZIPOZ.NID_N_12_PH.8444;Kraków - historyczny zespó³ miasta;dok³adny;uk³ad urbanistyczny;08.09.1994;ma³opolskie;Kraków;Kraków;Kraków;;;19.94290088;50.05454951
PL.1.9.ZIPOZ.NID_N_12_PH.15423;Kraków - Kopiec Koœciuszki z otoczeniem;dok³adny;dzie³o architektury i budownictwa;22.11.2017;ma³opolskie;Kraków;Kraków;Kraków;;;19.89920617;50.05520937
PL.1.9.ZIPOZ.NID_N_12_PH.15216;Tyniec - zespó³ opactwa Benedyktynów;dok³adny;zespó³ sakralny i sepulkralny;15.03.2017;ma³opolskie;Kraków;Kraków;Kraków;;;19.80338104;50.01860197
PL.1.9.ZIPOZ.NID_N_12_PH.8439;Rac³awice - teren historycznej Bitwy Rac³awickiej;dok³adny;pole bitwy;14.04.2004;ma³opolskie;miechowski;Rac³awice;Dziemiêrzyce;;;20.22161199;50.31022417
PL.1.9.ZIPOZ.NID_N_12_PH.15489;Stary S¹cz - zespó³ staromiejski wraz z klasztorem sióstr Klarysek;dok³adny;uk³ad urbanistyczny;10.12.2018;ma³opolskie;nowos¹decki;Stary S¹cz - miasto;Stary S¹cz;;;20.63602856;49.56286505
PL.1.9.ZIPOZ.NID_N_12_PH.8574;Kalwaria Zebrzydowska - krajobrazowy zespó³ manierystycznego parku pielgrzymkowego;dok³adny;krajobraz kulturowy;30.10.2000;ma³opolskie;wadowicki;Kalwaria Zebrzydowska - miasto;Kalwaria Zebrzydowska;;;19.68299887;49.85346244
PL.1.9.ZIPOZ.NID_N_12_PH.15685;Stani¹tki – opactwo œw. Wojciecha Mniszek Benedyktynek;dok³adny;dzie³o architektury i budownictwa;20.04.2020;ma³opolskie;wielicki;Niepo³omice - obszar wiejski;Stani¹tki;;;20.19286302;50.0091569
PL.1.9.ZIPOZ.NID_N_12_PH.8572;Wieliczka - kopalnia soli;dok³adny;zabytek techniki;08.09.1994;ma³opolskie;wielicki;Wieliczka - miasto;Wieliczka;;;20.05849764;49.98088094
PL.1.9.ZIPOZ.NID_N_14_PH.15451;P³ock - Wzgórze Tumskie;dok³adny;zespó³ sakralny i sepulkralny;20.04.2018;mazowieckie;P³ock;P³ock;P³ock;Tumska ;2;19.68930306;52.54056452
PL.1.9.ZIPOZ.NID_N_14_PH.15487;Pu³tusk - kolegiata pw. Zwiastowania Najœwiêtszej Marii Panny;dok³adny;zespó³ sakralny i sepulkralny;10.12.2018;mazowieckie;pu³tuski;Pu³tusk - miasto;Pu³tusk;;;21.08859041;52.70735898
PL.1.9.ZIPOZ.NID_N_14_PH.8451;Warszawa - Zespó³ Stacji Filtrów Williama Lindleya;dok³adny;zabytek techniki;04.01.2012;mazowieckie;Warszawa;Warszawa;Ochota;Koszykowa ;81;20.99509231;52.22131994
PL.1.9.ZIPOZ.NID_N_14_PH.8443;Warszawa - historyczny zespó³ miasta z traktem królewskim i Wilanowem ;dok³adny;uk³ad urbanistyczny;08.09.1994;mazowieckie;Warszawa;Warszawa;Œródmieœcie;;;21.05047586;52.21513247
PL.1.9.ZIPOZ.NID_N_14_PH.14064;Warszawa - zespó³ zabytkowych cmentarzy wyznaniowych na Pow¹zkach;dok³adny;zespó³ sakralny i sepulkralny;21.07.2014;mazowieckie;Warszawa;Warszawa;Wola;Pow¹zkowska ;14;20.97231787;52.2469411
PL.1.9.ZIPOZ.NID_N_14_PH.8450;¯yrardów - XIX-wieczna Osada Fabryczna;dok³adny;uk³ad urbanistyczny;04.01.2012;mazowieckie;¿yrardowski;¯yrardów;¯yrardów;;;20.43614555;52.05598511
PL.1.9.ZIPOZ.NID_N_16_PH.15481;Brzeg - Zamek Piastów Œl¹skich z renesansow¹ bram¹ i kaplic¹ zamkow¹ pw. œw. Jadwigi - nekropoli¹ Piastów;dok³adny;zespó³ rezydencjonalny;10.12.2018;opolskie;brzeski;Brzeg;Brzeg;Plac Zamkowy ;1;17.46658975;50.86380138
PL.1.9.ZIPOZ.NID_N_16_PH.8611;Nysa - zespó³ koœcio³a farnego pod wezwaniem œw. Jakuba Starszego Aposto³a i œw. Agnieszki Dziewicy i Mêczennicy;dok³adny;zespó³ sakralny i sepulkralny;28.02.2011;opolskie;nyski;Nysa - miasto;Nysa;Plac Katedralny ;1;17.3346041;50.47465236
PL.1.9.ZIPOZ.NID_N_16_PH.9474;Paczków - zespó³ staromiejski ze œredniowiecznym systemem fortyfikacji;dok³adny;uk³ad urbanistyczny;22.10.2012;opolskie;nyski;Paczków - miasto;Paczków;;;17.00657292;50.46396756
PL.1.9.ZIPOZ.NID_N_16_PH.15486;Olesno - koœció³ odpustowy pw. œw. Anny;dok³adny;zespó³ sakralny i sepulkralny;10.12.2018;opolskie;oleski;Olesno - miasto;Olesno;;;18.42274212;50.89636388
PL.1.9.ZIPOZ.NID_N_16_PH.15227;Ozimek - ¿elazny ³añcuchowy most wisz¹cy na rzece Ma³a Panew;dok³adny;zabytek techniki;15.03.2017;opolskie;opolski;Ozimek - miasto;Ozimek;;;18.21226103;50.67637571
PL.1.9.ZIPOZ.NID_N_16_PH.8407;Góra Œwiêtej Anny - komponowany krajobraz kulturowo-przyrodniczy;dok³adny;krajobraz kulturowy;14.04.2004;opolskie;strzelecki;Leœnica - obszar wiejski;Góra Œwiêtej Anny;;;18.17751951;50.44740656
PL.1.9.ZIPOZ.NID_N_18_PH.15479;Bóbrka - najstarsza kopalnia ropy naftowej;dok³adny;zabytek techniki;10.12.2018;podkarpackie;kroœnieñski;Chorkówka;Bóbrka;;167;21.70771055;49.61851089
PL.1.9.ZIPOZ.NID_N_18_PH.8434;Le¿ajsk - zespó³ klasztoru o.o. Benedyktynów;dok³adny;zespó³ sakralny i sepulkralny;13.04.2005;podkarpackie;le¿ajski;Le¿ajsk (gm. miejska);Le¿ajsk;11 Listopada ;1;22.40946454;50.27032597
PL.1.9.ZIPOZ.NID_N_18_PH.15401;Radru¿ - zespó³ cerkiewny;dok³adny;zespó³ sakralny i sepulkralny;22.11.2017;podkarpackie;lubaczowski;Horyniec-Zdrój;Radru¿;;;23.40252319;50.17697537
PL.1.9.ZIPOZ.NID_N_18_PH.8435;£añcut - zespó³ zamkowo-parkowy;dok³adny;zespó³ rezydencjonalny;25.08.2005;podkarpackie;³añcucki;£añcut (gm. miejska);£añcut;;;22.23817978;50.06844612
PL.1.9.ZIPOZ.NID_N_18_PH.15445;Krasiczyn - zespó³ zamkowo-parkowy;dok³adny;zespó³ rezydencjonalny;20.04.2018;podkarpackie;przemyski;Krasiczyn;Krasiczyn;;;22.64945238;49.7751902
PL.1.9.ZIPOZ.NID_N_18_PH.15558;Twierdza Przemyœl;dok³adny;budownictwo obronne;10.12.2018;podkarpackie;przemyski;Medyka;Hurko;;;22.88345569;49.79684536
PL.1.9.ZIPOZ.NID_N_18_PH.15553;Twierdza Przemyœl;dok³adny;budownictwo obronne;10.12.2018;podkarpackie;przemyski;Medyka;Jaksmanice;;;22.85926247;49.74727354
PL.1.9.ZIPOZ.NID_N_18_PH.15555;Twierdza Przemyœl;dok³adny;budownictwo obronne;10.12.2018;podkarpackie;przemyski;Medyka;Jaksmanice;;;22.88058728;49.7489706
PL.1.9.ZIPOZ.NID_N_18_PH.15554;Twierdza Przemyœl;dok³adny;budownictwo obronne;10.12.2018;podkarpackie;przemyski;Medyka;Jaksmanice;;;22.86756788;49.74401218
PL.1.9.ZIPOZ.NID_N_18_PH.15556;Twierdza Przemyœl;dok³adny;budownictwo obronne;10.12.2018;podkarpackie;przemyski;Medyka;Siedliska;;;22.89485408;49.7571744
PL.1.9.ZIPOZ.NID_N_18_PH.15557;Twierdza Przemyœl;dok³adny;budownictwo obronne;10.12.2018;podkarpackie;przemyski;Medyka;Siedliska;;;22.89435076;49.77066371
PL.1.9.ZIPOZ.NID_N_18_PH.15537;Twierdza Przemyœl;dok³adny;budownictwo obronne;10.12.2018;podkarpackie;przemyski;Or³y;Duñkowiczki;;;22.78752676;49.84492308
PL.1.9.ZIPOZ.NID_N_18_PH.15563;Twierdza Przemyœl;dok³adny;budownictwo obronne;10.12.2018;podkarpackie;przemyski;Or³y;Duñkowiczki;;;22.80121747;49.83656223
PL.1.9.ZIPOZ.NID_N_18_PH.15548;Twierdza Przemyœl;dok³adny;budownictwo obronne;10.12.2018;podkarpackie;przemyski;Przemyœl;Grochowce;;;22.72821996;49.75028722
PL.1.9.ZIPOZ.NID_N_18_PH.15550;Twierdza Przemyœl;dok³adny;budownictwo obronne;10.12.2018;podkarpackie;przemyski;Przemyœl;Grochowce;;;22.76171314;49.73658454
PL.1.9.ZIPOZ.NID_N_18_PH.15549;Twierdza Przemyœl;dok³adny;budownictwo obronne;10.12.2018;podkarpackie;przemyski;Przemyœl;Grochowce;;;22.74697861;49.74131225
PL.1.9.ZIPOZ.NID_N_18_PH.15608;Twierdza Przemyœl;dok³adny;budownictwo obronne;10.12.2018;podkarpackie;przemyski;Przemyœl;Krówniki;;;22.83036599;49.76780529
PL.1.9.ZIPOZ.NID_N_18_PH.15545;Twierdza Przemyœl;dok³adny;budownictwo obronne;10.12.2018;podkarpackie;przemyski;Przemyœl;£êtownia;;;22.72498978;49.81699164
PL.1.9.ZIPOZ.NID_N_18_PH.15546;Twierdza Przemyœl;dok³adny;budownictwo obronne;10.12.2018;podkarpackie;przemyski;Przemyœl;£êtownia;;;22.71265064;49.81061386
PL.1.9.ZIPOZ.NID_N_18_PH.15552;Twierdza Przemyœl;dok³adny;budownictwo obronne;10.12.2018;podkarpackie;przemyski;Przemyœl;£uczyce;;;22.83069468;49.74684091
PL.1.9.ZIPOZ.NID_N_18_PH.15600;Twierdza Przemyœl;dok³adny;budownictwo obronne;10.12.2018;podkarpackie;przemyski;Przemyœl;Ostrów;;;22.70020955;49.76778347
PL.1.9.ZIPOZ.NID_N_18_PH.15547;Twierdza Przemyœl;dok³adny;budownictwo obronne;10.12.2018;podkarpackie;przemyski;Przemyœl;Ostrów;;;22.70770931;49.79326643
PL.1.9.ZIPOZ.NID_N_18_PH.15601;Twierdza Przemyœl;dok³adny;budownictwo obronne;10.12.2018;podkarpackie;przemyski;Przemyœl;Ostrów;;;22.70922181;49.76830515
PL.1.9.ZIPOZ.NID_N_18_PH.15551;Twierdza Przemyœl;dok³adny;budownictwo obronne;10.12.2018;podkarpackie;przemyski;Przemyœl;Pikulice;;;22.79376381;49.73270854
PL.1.9.ZIPOZ.NID_N_18_PH.15535;Twierdza Przemyœl;dok³adny;budownictwo obronne;10.12.2018;podkarpackie;przemyski;Przemyœl;Ujkowice;;;22.74729532;49.84029398
PL.1.9.ZIPOZ.NID_N_18_PH.15544;Twierdza Przemyœl;dok³adny;budownictwo obronne;10.12.2018;podkarpackie;przemyski;Przemyœl;Ujkowice;;;22.72206123;49.82623333
PL.1.9.ZIPOZ.NID_N_18_PH.15543;Twierdza Przemyœl;dok³adny;budownictwo obronne;10.12.2018;podkarpackie;przemyski;Przemyœl;Ujkowice;;;22.72225195;49.83041954
PL.1.9.ZIPOZ.NID_N_18_PH.15542;Twierdza Przemyœl;dok³adny;budownictwo obronne;10.12.2018;podkarpackie;przemyski;Przemyœl;Ujkowice;;;22.73113328;49.83414112
PL.1.9.ZIPOZ.NID_N_18_PH.15541;Twierdza Przemyœl;dok³adny;budownictwo obronne;10.12.2018;podkarpackie;przemyski;Przemyœl;Ujkowice;;;22.73847705;49.83562012
PL.1.9.ZIPOZ.NID_N_18_PH.15559;Twierdza Przemyœl;dok³adny;budownictwo obronne;10.12.2018;podkarpackie;przemyski;¯urawica;Bolestraszyce;;;22.86721901;49.8097563
PL.1.9.ZIPOZ.NID_N_18_PH.15610;Twierdza Przemyœl;dok³adny;budownictwo obronne;10.12.2018;podkarpackie;przemyski;¯urawica;Bolestraszyce;;;22.83855629;49.80582922
PL.1.9.ZIPOZ.NID_N_18_PH.15562;Twierdza Przemyœl;dok³adny;budownictwo obronne;10.12.2018;podkarpackie;przemyski;¯urawica;Bolestraszyce;;;22.85349726;49.82018657
PL.1.9.ZIPOZ.NID_N_18_PH.15561;Twierdza Przemyœl;dok³adny;budownictwo obronne;10.12.2018;podkarpackie;przemyski;¯urawica;Bolestraszyce;;;22.86033578;49.82036677
PL.1.9.ZIPOZ.NID_N_18_PH.15538;Twierdza Przemyœl;dok³adny;budownictwo obronne;10.12.2018;podkarpackie;przemyski;¯urawica;Orzechowce;;;22.77215554;49.84282618
PL.1.9.ZIPOZ.NID_N_18_PH.15539;Twierdza Przemyœl;dok³adny;budownictwo obronne;10.12.2018;podkarpackie;przemyski;¯urawica;Orzechowce;;;22.76091195;49.84371838
PL.1.9.ZIPOZ.NID_N_18_PH.15540;Twierdza Przemyœl;dok³adny;budownictwo obronne;10.12.2018;podkarpackie;przemyski;¯urawica;¯urawica;;;22.75448794;49.83890436
PL.1.9.ZIPOZ.NID_N_18_PH.15560;Twierdza Przemyœl;dok³adny;budownictwo obronne;10.12.2018;podkarpackie;przemyski;¯urawica;¯urawica;;;22.81491912;49.83359628
PL.1.9.ZIPOZ.NID_N_18_PH.15492;Przemyœl - zespó³ staromiejski;dok³adny;uk³ad urbanistyczny;10.12.2018;podkarpackie;Przemyœl;Przemyœl;Przemyœl;;;22.77005172;49.7823776
PL.1.9.ZIPOZ.NID_N_18_PH.15609;Twierdza Przemyœl;dok³adny;budownictwo obronne;10.12.2018;podkarpackie;Przemyœl;Przemyœl;Przemyœl;;;22.84221103;49.78286194
PL.1.9.ZIPOZ.NID_N_18_PH.15607;Twierdza Przemyœl;dok³adny;budownictwo obronne;10.12.2018;podkarpackie;Przemyœl;Przemyœl;Przemyœl;;;22.80685194;49.75544631
PL.1.9.ZIPOZ.NID_N_18_PH.15606;Twierdza Przemyœl;dok³adny;budownictwo obronne;10.12.2018;podkarpackie;Przemyœl;Przemyœl;Przemyœl;;;22.75077497;49.76538579
PL.1.9.ZIPOZ.NID_N_18_PH.15602;Twierdza Przemyœl;dok³adny;budownictwo obronne;10.12.2018;podkarpackie;Przemyœl;Przemyœl;Przemyœl;;;22.72926788;49.75653507
PL.1.9.ZIPOZ.NID_N_18_PH.15496;Twierdza Przemyœl;dok³adny;budownictwo obronne;10.12.2018;podkarpackie;Przemyœl;Przemyœl;Przemyœl;;;22.77566245;49.78903599
PL.1.9.ZIPOZ.NID_N_20_PH.8570;Kana³ Augustowski;dok³adny;zabytek techniki;25.04.2007;podlaskie;augustowski;Augustów (gm. miejska);Augustów;;;23.20246845;53.77358709
PL.1.9.ZIPOZ.NID_N_20_PH.15477;Bia³ystok - zespó³ koœcio³a pw. Chrystusa Króla i œw. Rocha;dok³adny;zespó³ sakralny i sepulkralny;10.12.2018;podlaskie;Bia³ystok;Bia³ystok;Bia³ystok;Ksiêdza Adama Abramowicza ;1;23.14446874;53.13473906
PL.1.9.ZIPOZ.NID_N_20_PH.9458;Bohoniki i Kruszyniany - meczety i mizary;dok³adny;zespó³ sakralny i sepulkralny;20.11.2012;podlaskie;sokólski;Krynki - obszar wiejski;Kruszyniany;;;23.81611478;53.17736639
PL.1.9.ZIPOZ.NID_N_20_PH.9471;Bohoniki i Kruszyniany - meczety i mizary;dok³adny;zespó³ sakralny i sepulkralny;20.11.2012;podlaskie;sokólski;Sokó³ka - obszar wiejski;Bohoniki;;;23.59370747;53.39463746
PL.1.9.ZIPOZ.NID_N_22_PH.8812;Pole Bitwy na Westerplatte;dok³adny;pole bitwy;22.08.2003;pomorskie;Gdañsk;Gdañsk;Gdañsk;Majora Henryka Sucharskiego ;70;18.67240501;54.40806763
PL.1.9.ZIPOZ.NID_N_22_PH.8452;Gdañsk - miasto w zasiêgu obwarowañ XVII w.;dok³adny;uk³ad urbanistyczny;08.09.1994;pomorskie;Gdañsk;Gdañsk;Gdañsk;;;18.65092516;54.34707349
PL.1.9.ZIPOZ.NID_N_22_PH.15484;Gdañsk - Stocznia Gdañska, miejsce narodzin Solidarnoœci;dok³adny;zabytek techniki;10.12.2018;pomorskie;Gdañsk;Gdañsk;Gdañsk;;;18.65520096;54.36211208
PL.1.9.ZIPOZ.NID_N_22_PH.15437;Gdañsk - Twierdza Wis³oujœcie;dok³adny;budownictwo obronne;20.04.2018;pomorskie;Gdañsk;Gdañsk;Gdañsk;;;18.67953623;54.39490556
PL.1.9.ZIPOZ.NID_N_22_PH.15403;Gdañsk-Oliwa - zespó³ pocystersko-katedralny;dok³adny;zespó³ sakralny i sepulkralny;22.11.2017;pomorskie;Gdañsk;Gdañsk;Gdañsk;;;18.56126564;54.41093545
PL.1.9.ZIPOZ.NID_N_22_PH.14953;Gdynia - historyczny uk³ad urbanistyczny;dok³adny;uk³ad urbanistyczny;17.03.2015;pomorskie;Gdynia;Gdynia;Gdynia;;;18.5442944;54.51710379
PL.1.9.ZIPOZ.NID_N_22_PH.15447;Kwidzyn - zespó³ katedralno-zamkowy;dok³adny;zespó³ sakralny i sepulkralny;20.04.2018;pomorskie;kwidzyñski;Kwidzyn (gm. miejska);Kwidzyn;Katedralna ;1;18.92020405;53.73669503
PL.1.9.ZIPOZ.NID_N_22_PH.8430;Malbork - zespó³ zamku krzy¿ackiego;dok³adny;zespó³ rezydencjonalny;08.09.1994;pomorskie;malborski;Malbork (gm. miejska);Malbork;;;19.03020029;54.041281
PL.1.9.ZIPOZ.NID_N_22_PH.12642;Pelplin - zespó³ pocystersko-katedralny;dok³adny;zespó³ sakralny i sepulkralny;25.04.2014;pomorskie;tczewski;Pelplin - miasto;Pelplin;;;18.69359592;53.92683934
PL.1.9.ZIPOZ.NID_N_24_PH.8406;Czêstochowa - Jasna Góra - zespó³ klasztoru oo. Paulinów;dok³adny;zespó³ sakralny i sepulkralny;08.09.1994;œl¹skie;Czêstochowa;Czêstochowa;Czêstochowa;;;19.09908804;50.81241281
PL.1.9.ZIPOZ.NID_N_24_PH.15183;Gliwice - radiostacja;dok³adny;zabytek techniki;15.03.2017;œl¹skie;Gliwice;Gliwice;Gliwice;Tarnogórska ;127;18.68922414;50.31304392
PL.1.9.ZIPOZ.NID_N_24_PH.9517;Katowice - Gmach Województwa i Sejmu Œl¹skiego i zespó³ katedralny;dok³adny;dzie³o architektury i budownictwa;13.11.2012;œl¹skie;Katowice;Katowice;Katowice;Jagielloñska ;25;19.02193956;50.25188525
PL.1.9.ZIPOZ.NID_N_24_PH.8428;Katowice - osiedle robotnicze Nikiszowiec;dok³adny;uk³ad urbanistyczny;14.01.2011;œl¹skie;Katowice;Katowice;Katowice;;;19.08222208;50.24278226
PL.1.9.ZIPOZ.NID_N_24_PH.9079;"Tarnowskie Góry - podziemia zabytkowej kopalni rud srebrnonoœnych oraz sztolni ""Czarnego Pstr¹ga""";przybli¿ony;zabytek techniki;14.04.2004;œl¹skie;tarnogórski;Tarnowskie Góry;Tarnowskie Góry;;;18.82483594;50.43645094
PL.1.9.ZIPOZ.NID_N_26_PH.15490;Wiœlica - zespó³ kolegiaty pw. Narodzenia Najœwiêtszej Maryi Panny wraz z reliktami koœcio³a pw. œw. Miko³aja oraz grodzisko;dok³adny;zespó³ sakralny i sepulkralny;10.12.2018;œwiêtokrzyskie;buski;Wiœlica - miasto;Wiœlica;;;20.67695572;50.34646043
PL.1.9.ZIPOZ.NID_N_26_PH.15400;Kielce - dawny pa³ac biskupów i katedra;dok³adny;zespó³ rezydencjonalny;22.11.2017;œwiêtokrzyskie;Kielce;Kielce;Kielce;Plac Zamkowy ;1;20.62752404;50.86912074
PL.1.9.ZIPOZ.NID_N_26_PH.15485;Oblêgorek - pa³acyk Henryka Sienkiewicza wraz z zabytkowym parkiem i alej¹ lipow¹;dok³adny;zespó³ rezydencjonalny;10.12.2018;œwiêtokrzyskie;kielecki;Strawczyn;Oblêgorek;;;20.47485578;50.95531414
PL.1.9.ZIPOZ.NID_N_26_PH.15214;Œwiêty Krzy¿ - pobenedyktyñski zespó³ klasztorny oraz przedchrzeœcijañskie obwa³owania kamienne na £ysej Górze;dok³adny;zespó³ sakralny i sepulkralny;15.03.2017;œwiêtokrzyskie;kielecki;;Nowa S³upia;;;21.05592617;50.85965162
PL.1.9.ZIPOZ.NID_N_26_PH.15465;Ujazd - ruiny zamku Krzy¿topór;dok³adny;dzie³o architektury i budownictwa;20.04.2018;œwiêtokrzyskie;opatowski;Iwaniska;Ujazd;;73;21.31033712;50.7140635
PL.1.9.ZIPOZ.NID_N_26_PH.8411;Krzemionki - kopalnie krzemienia z okresu neolitu;dok³adny;zabytek archeologiczny;08.09.1994;œwiêtokrzyskie;ostrowiecki;Bodzechów;Sudó³;;;21.50112159;50.96973083
PL.1.9.ZIPOZ.NID_N_26_PH.15410;Sandomierz - historyczny zespó³ architektoniczno-krajobrazowy;dok³adny;uk³ad urbanistyczny;22.11.2017;œwiêtokrzyskie;sandomierski;Sandomierz;Sandomierz;;;21.74616793;50.68057706
PL.1.9.ZIPOZ.NID_N_26_PH.15221;W¹chock - zespó³ opactwa Cystersów;dok³adny;zespó³ sakralny i sepulkralny;15.03.2017;œwiêtokrzyskie;starachowicki;W¹chock - miasto;W¹chock;;;21.01625008;51.07500424
PL.1.9.ZIPOZ.NID_N_26_PH.15488;Rytwiany - pokamedulski zespó³ klasztorny Pustelnia Z³otego Lasu;dok³adny;zespó³ sakralny i sepulkralny;10.12.2018;œwiêtokrzyskie;staszowski;Rytwiany;Rytwiany;;;21.24315622;50.52026279
PL.1.9.ZIPOZ.NID_N_28_PH.8445;Frombork - zespó³ katedralny;dok³adny;zespó³ sakralny i sepulkralny;08.09.1994;warmiñsko-mazurskie;braniewski;Frombork - miasto;Frombork;Katedralna ;8;19.68182545;54.35680905
PL.1.9.ZIPOZ.NID_N_28_PH.12288;Kana³ Elbl¹ski;dok³adny;zabytek techniki;14.01.2011;warmiñsko-mazurskie;Elbl¹g;Elbl¹g;Elbl¹g;;;19.73735563;53.92107712
PL.1.9.ZIPOZ.NID_N_28_PH.15464;Œwiêta Lipka - sanktuarium pielgrzymkowe;dok³adny;zespó³ sakralny i sepulkralny;20.04.2018;warmiñsko-mazurskie;kêtrzyñski;Reszel - obszar wiejski;Œwiêta Lipka;;29;21.21808878;54.02450974
PL.1.9.ZIPOZ.NID_N_28_PH.15449;Lidzbark Warmiñski - zamek biskupów warmiñskich;dok³adny;zespó³ rezydencjonalny;20.04.2018;warmiñsko-mazurskie;lidzbarski;Lidzbark Warmiñski (gm. miejska);Lidzbark Warmiñski;Zamkowa ;1;20.58311272;54.12572809
PL.1.9.ZIPOZ.NID_N_28_PH.8924;Grunwald - Pole Bitwy;dok³adny;pole bitwy;17.09.2010;warmiñsko-mazurskie;ostródzki;Grunwald;Grunwald;;;20.11930342;53.48707756
PL.1.9.ZIPOZ.NID_N_30_PH.8442;Gniezno - Katedra pw. Wniebowziêcia Najœwiêtszej Marii Panny i œw. Wojciecha;dok³adny;zespó³ sakralny i sepulkralny;08.09.1994;wielkopolskie;gnieŸnieñski;Gniezno (gm. miejska);Gniezno;;;17.59235248;52.53685147
PL.1.9.ZIPOZ.NID_N_30_PH.8413;wyspa - Ostrów Lednicki;dok³adny;zabytek archeologiczny;08.09.1994;wielkopolskie;gnieŸnieñski;£ubowo;Rybitwy;;;17.37796419;52.52719574
PL.1.9.ZIPOZ.NID_N_30_PH.8431;Zespó³ klasztorny Kongregacji Oratorium œw. Filipa Neri, Gostyñ - G³ogówko;dok³adny;zespó³ sakralny i sepulkralny;26.02.2008;wielkopolskie;gostyñski;Piaski;G³ogówko;;;17.03567906;51.88508807
PL.1.9.ZIPOZ.NID_N_30_PH.8422;Lubiñ - zespó³ opactwa benedyktynów;dok³adny;zespó³ sakralny i sepulkralny;09.12.2009;wielkopolskie;koœciañski;Krzywiñ - obszar wiejski;Lubiñ;;;16.90166244;51.96580252
PL.1.9.ZIPOZ.NID_N_30_PH.15190;Rydzyna - za³o¿enie rezydencjonalno-urbanistyczne;dok³adny;zespó³ rezydencjonalny;15.03.2017;wielkopolskie;leszczyñski;Rydzyna - miasto;Rydzyna;;;16.6719292;51.78865422
PL.1.9.ZIPOZ.NID_N_30_PH.15483;Dobrzyca - zespó³ pa³acowo-parkowy;dok³adny;zespó³ rezydencjonalny;10.12.2018;wielkopolskie;pleszewski;Dobrzyca - miasto;Dobrzyca;Pleszewska ;5a;17.60472458;51.86497248
PL.1.9.ZIPOZ.NID_N_30_PH.8421;Poznañ - historyczny zespó³ miasta;dok³adny;uk³ad urbanistyczny;28.11.2008;wielkopolskie;Poznañ;Poznañ;Poznañ;;;16.93289449;52.4119649
PL.1.9.ZIPOZ.NID_N_30_PH.8414;Kórnik - zespó³ zamkowo-parkowy wraz z koœcio³em parafialnym - nekropoli¹ w³aœcicieli;dok³adny;zespó³ rezydencjonalny;15.06.2011;wielkopolskie;poznañski;Kórnik - miasto;Kórnik;;;17.09204687;52.24220283
PL.1.9.ZIPOZ.NID_N_30_PH.15453;Rogalin - zespó³ pa³acowy z ogrodem i parkiem;dok³adny;zespó³ rezydencjonalny;20.04.2018;wielkopolskie;poznañski;Mosina - obszar wiejski;Rogalin;;;16.9304021;52.23434754
PL.1.9.ZIPOZ.NID_N_30_PH.8440;Zespó³ dawnego opactwa cysterskiego w L¹dzie nad Wart¹;dok³adny;zespó³ sakralny i sepulkralny;17.06.2009;wielkopolskie;s³upecki;L¹dek;L¹d;;;17.89348821;52.20274648
PL.1.9.ZIPOZ.NID_N_30_PH.15444;Koszuty - zespó³ dworsko-parkowy;dok³adny;zespó³ rezydencjonalny;20.04.2018;wielkopolskie;œredzki;Œroda Wielkopolska - obszar wiejski;Koszuty;;27;17.19863625;52.23348207
PL.1.9.ZIPOZ.NID_N_32_PH.14108;Ko³bacz - za³o¿enie dawnego klasztoru cystersów, póŸniejszej letniej rezydencji ksi¹¿¹t pomorskich i domeny pañstwowej;dok³adny;zespó³ sakralny i sepulkralny;21.07.2014;zachodniopomorskie;gryfiñski;Stare Czarnowo;Ko³bacz;;;14.81332008;53.3025005
PL.1.9.ZIPOZ.NID_N_32_PH.8426;Kamieñ Pomorski - zespó³ katedralny;dok³adny;zespó³ sakralny i sepulkralny;25.08.2005;zachodniopomorskie;kamieñski;Kamieñ Pomorski - miasto;Kamieñ Pomorski;;;14.77266283;53.97290213
PL.1.9.ZIPOZ.NID_N_32_PH.8677;Stargard Szczeciñski - zespó³ koœcio³a pod wezwaniem Najœwiêtszej Marii Panny Królowej Œwiata oraz œredniowieczne mury obronne miasta;dok³adny;zespó³ sakralny i sepulkralny;17.09.2010;zachodniopomorskie;stargardzki;Stargard (gm. miejska);Stargard;;;15.04510682;53.33820934
